pno,name,pdate,amount
1,이순신,2023-10-22,272000
2,이유신,2023-01-03,140000
3,이순신,2024-01-28,114000
4,유관순,2023-07-17,297000
5,이유신,2023-07-22,67000
6,유관순,2024-04-17,157000
7,김구,2023-03-05,50000
8,강감찬,2024-03-11,85000
9,이순신,2024-04-08,347000
10,김유신,2023-12-10,260000
11,홍길순,2023-11-26,214000
12,홍길순,2023-10-12,166000
13,강감찬,2024-04-27,370000
14,홍길자,2023-07-13,311000
15,홍길순,2023-09-14,17000
16,김구,2024-01-01,184000
17,김유신,2024-03-09,92000
18,홍길동,2023-04-14,33000
19,홍길순,2023-06-15,267000
20,김유신,2023-04-04,10000
21,김구,2023-01-14,79000
22,이유신,2023-08-05,182000
23,유관순,2023-07-09,188000
24,유관순,2023-06-07,15000
25,김유신,2023-05-11,103000
26,홍길동,2023-10-09,131000
27,강감찬,2024-03-29,112000
28,강감찬,2023-11-28,127000
29,김구,2023-09-11,152000
30,이유신,2023-07-16,396000
31,홍길동,2023-12-19,277000
32,홍길순,2024-04-19,142000
33,이순신,2024-01-07,367000
34,김구,2024-02-26,311000
35,홍길자,2023-11-24,359000
36,유관순,2024-03-01,357000
37,홍길동,2024-02-21,109000
38,강감찬,2023-01-21,290000
39,유관순,2023-03-17,175000
40,유관순,2023-01-06,254000
41,홍길동,2024-02-20,97000
42,강감찬,2023-05-08,388000
43,강감찬,2023-12-09,62000
44,홍길순,2023-11-10,328000
45,홍길동,2024-04-18,14000
46,유관순,2023-08-13,70000
47,강감찬,2023-05-14,104000
48,홍길동,2023-12-26,145000
49,강감순,2023-09-07,283000
50,홍길동,2023-05-10,202000
51,유관순,2024-04-29,104000
52,강감찬,2023-10-16,347000
53,홍길순,2023-06-12,400000
54,홍길자,2023-05-11,182000
55,김유신,2024-04-17,96000
56,이유신,2023-11-08,110000
57,홍길순,2023-02-27,325000
58,강감찬,2023-01-15,145000
59,강감찬,2023-11-26,376000
60,유관순,2023-07-29,317000
61,김유신,2023-11-06,235000
62,이유신,2023-09-14,245000
63,강감순,2023-01-29,81000
64,이순신,2023-11-23,341000
65,이순신,2023-08-29,171000
66,김유신,2023-06-29,152000
67,홍길자,2024-02-23,301000
68,강감순,2023-05-15,160000
69,이유신,2023-01-06,113000
70,홍길자,2023-07-10,217000
71,김유신,2023-06-27,278000
72,김구,2023-01-14,262000
73,유관순,2023-12-05,106000
74,홍길순,2024-01-16,32000
75,홍길동,2023-07-21,362000
76,김구,2024-03-31,379000
77,이순신,2024-02-09,261000
78,김구,2024-03-15,343000
79,강감순,2024-03-06,211000
80,이순신,2023-12-14,221000
81,홍길동,2023-09-10,125000
82,홍길자,2023-04-05,36000
83,홍길자,2024-01-05,150000
84,홍길자,2023-05-15,24000
85,유관순,2023-05-30,312000
86,홍길자,2023-10-14,155000
87,김유신,2023-01-17,154000
88,김유신,2024-01-31,200000
89,이순신,2023-02-02,23000
90,강감순,2023-11-20,215000
91,김구,2023-09-19,308000
92,강감찬,2023-08-24,286000
93,김구,2024-04-26,94000
94,홍길자,2024-03-02,101000
95,유관순,2024-03-12,53000
96,홍길순,2024-01-21,88000
97,홍길동,2023-08-15,392000
98,이유신,2023-02-22,188000
99,홍길순,2023-10-29,36000
100,김유신,2023-05-29,148000
101,김유신,2023-01-19,323000
102,이유신,2023-12-17,153000
103,김유신,2023-11-10,137000
104,이순신,2023-07-12,83000
105,김구,2023-09-05,265000
106,홍길자,2024-03-01,118000
107,홍길동,2023-05-27,211000
108,홍길자,2023-05-29,46000
109,김유신,2023-11-25,47000
110,이유신,2023-08-16,226000
111,이유신,2023-03-31,342000
112,유관순,2024-03-18,75000
113,홍길동,2024-03-02,376000
114,홍길순,2023-01-12,56000
115,김유신,2023-12-14,26000
116,김유신,2024-03-21,100000
117,홍길순,2023-12-23,303000
118,홍길순,2023-08-13,61000
119,강감찬,2023-10-28,311000
120,김구,2023-06-16,83000
121,홍길자,2023-09-02,14000
122,홍길순,2024-03-26,312000
123,이순신,2024-02-11,396000
124,이유신,2023-10-08,87000
125,강감찬,2023-02-20,31000
126,이순신,2023-10-17,390000
127,강감찬,2024-02-22,283000
128,이순신,2023-01-30,243000
129,유관순,2023-08-30,60000
130,김구,2023-04-19,211000
131,이유신,2023-02-28,43000
132,강감순,2023-06-03,93000
133,강감순,2024-03-03,33000
134,강감순,2023-04-21,248000
135,이유신,2024-03-20,221000
136,김유신,2023-05-10,125000
137,홍길자,2024-03-24,237000
138,홍길순,2024-04-12,213000
139,강감찬,2023-11-24,353000
140,김구,2024-02-17,12000
141,홍길순,2023-07-08,11000
142,홍길자,2023-01-11,46000
143,유관순,2024-02-07,20000
144,김구,2023-01-16,372000
145,이유신,2024-02-27,19000
146,이유신,2023-05-23,213000
147,홍길동,2023-08-23,149000
148,홍길순,2023-04-04,259000
149,이유신,2024-04-11,202000
150,이순신,2023-07-20,298000
151,홍길순,2023-03-25,48000
152,홍길순,2024-03-21,335000
153,유관순,2023-04-11,234000
154,홍길순,2023-01-23,356000
155,강감찬,2023-08-07,13000
156,김구,2023-07-28,59000
157,강감순,2023-08-15,169000
158,강감순,2023-04-02,142000
159,홍길자,2023-05-24,298000
160,이유신,2024-03-11,221000
161,홍길동,2023-11-13,102000
162,이유신,2024-02-02,135000
163,유관순,2023-06-27,128000
164,김구,2024-03-28,249000
165,김구,2023-01-12,239000
166,유관순,2023-06-03,241000
167,이순신,2023-12-25,135000
168,이순신,2023-08-17,63000
169,강감순,2023-11-09,283000
170,강감찬,2023-04-19,17000
171,유관순,2023-06-09,293000
172,홍길순,2023-07-16,268000
173,홍길자,2023-04-30,306000
174,홍길순,2023-10-16,179000
175,유관순,2024-03-20,104000
176,이순신,2024-02-20,382000
177,홍길동,2024-04-03,243000
178,홍길자,2023-04-26,316000
179,이유신,2023-12-26,237000
180,홍길자,2024-02-16,295000
181,홍길순,2023-12-08,306000
182,홍길자,2023-02-01,177000
183,홍길동,2024-04-10,212000
184,강감찬,2024-03-12,33000
185,홍길동,2024-04-24,43000
186,이유신,2023-12-09,180000
187,김유신,2023-10-13,95000
188,강감찬,2023-12-11,266000
189,유관순,2023-10-23,154000
190,홍길순,2023-03-21,329000
191,홍길동,2023-08-19,361000
192,홍길순,2024-01-15,361000
193,홍길순,2023-11-19,130000
194,홍길자,2023-09-25,134000
195,홍길순,2023-05-14,66000
196,홍길자,2023-01-26,238000
197,유관순,2023-08-14,392000
198,강감순,2023-10-08,306000
199,강감순,2023-08-01,239000
200,홍길동,2023-07-03,69000
201,김유신,2024-02-11,3000
202,강감찬,2023-08-17,108000
203,강감찬,2023-07-16,196000
204,이유신,2023-03-26,57000
205,김유신,2023-01-28,328000
206,홍길순,2024-02-22,256000
207,강감찬,2023-07-05,322000
208,홍길자,2023-07-17,218000
209,강감순,2023-10-09,45000
210,유관순,2023-07-20,27000
211,강감순,2024-03-27,6000
212,강감순,2023-07-31,93000
213,강감순,2023-08-19,206000
214,김구,2024-04-07,154000
215,김구,2024-01-20,178000
216,홍길동,2023-12-16,325000
217,유관순,2024-01-19,103000
218,이유신,2023-07-09,351000
219,홍길자,2024-02-07,294000
220,홍길자,2024-02-11,334000
221,이유신,2023-07-14,50000
222,홍길자,2023-07-16,141000
223,홍길자,2023-05-08,108000
224,강감순,2024-04-01,97000
225,강감찬,2023-03-18,4000
226,이유신,2024-02-01,136000
227,이유신,2024-03-01,73000
228,강감순,2023-11-06,167000
229,이유신,2023-02-16,383000
230,김구,2023-08-09,217000
231,홍길동,2023-06-05,46000
232,강감순,2023-07-12,272000
233,유관순,2023-09-20,282000
234,이순신,2023-11-05,21000
235,홍길순,2023-12-07,69000
236,홍길동,2024-03-11,382000
237,홍길동,2023-12-27,356000
238,홍길순,2023-11-11,12000
239,홍길자,2023-06-05,39000
240,홍길동,2023-09-21,75000
241,이유신,2023-09-10,181000
242,홍길자,2024-03-02,194000
243,이순신,2023-01-13,154000
244,김유신,2023-09-09,110000
245,이순신,2024-03-04,149000
246,김구,2024-01-10,80000
247,홍길자,2023-06-15,314000
248,홍길순,2023-10-02,201000
249,김구,2023-05-20,277000
250,김유신,2023-11-20,87000
251,강감찬,2023-08-27,26000
252,홍길동,2024-01-12,17000
253,홍길순,2023-03-17,283000
254,이유신,2023-05-06,264000
255,강감순,2023-06-07,77000
256,김구,2024-01-10,156000
257,김구,2023-03-18,138000
258,유관순,2023-09-20,184000
259,강감순,2023-07-11,188000
260,유관순,2023-02-22,349000
261,홍길순,2023-10-04,299000
262,강감찬,2023-09-10,322000
263,김유신,2023-06-18,35000
264,홍길동,2023-11-22,155000
265,유관순,2023-10-05,10000
266,김구,2023-10-03,332000
267,강감찬,2023-02-01,322000
268,이순신,2024-04-17,60000
269,김유신,2023-04-12,87000
270,강감찬,2024-02-14,299000
271,강감순,2023-08-28,387000
272,홍길동,2023-04-29,76000
273,이유신,2023-05-04,376000
274,김구,2024-03-04,345000
275,홍길동,2023-10-12,35000
276,김유신,2023-12-29,56000
277,홍길자,2023-11-13,174000
278,김유신,2023-07-07,237000
279,김유신,2024-01-20,392000
280,강감순,2024-01-02,232000
281,홍길동,2023-06-29,124000
282,강감순,2024-04-24,299000
283,강감순,2023-02-15,75000
284,이순신,2023-02-15,340000
285,강감순,2023-05-08,332000
286,홍길자,2023-11-14,303000
287,유관순,2023-10-18,292000
288,김유신,2023-01-22,380000
289,이순신,2024-03-15,101000
290,이순신,2024-03-16,16000
291,강감순,2023-01-11,300000
292,유관순,2023-08-30,304000
293,강감찬,2024-03-02,102000
294,홍길순,2023-05-23,395000
295,김유신,2023-10-14,74000
296,강감찬,2024-04-09,374000
297,이유신,2023-08-10,47000
298,강감찬,2023-10-05,303000
299,홍길동,2023-08-13,67000
300,유관순,2023-11-12,210000
301,유관순,2024-04-20,14000
302,이순신,2023-05-20,313000
303,홍길동,2023-04-17,368000
304,이순신,2023-01-29,340000
305,강감순,2023-12-13,351000
306,홍길순,2023-07-05,290000
307,강감순,2024-01-20,165000
308,김유신,2023-03-25,365000
309,이순신,2023-04-06,299000
310,이순신,2023-07-13,327000
311,홍길자,2023-10-03,353000
312,강감찬,2023-11-22,188000
313,홍길자,2023-04-27,221000
314,강감순,2023-09-16,80000
315,이순신,2024-01-19,379000
316,홍길순,2023-04-12,251000
317,강감순,2023-11-20,163000
318,홍길동,2023-10-03,3000
319,김구,2024-01-03,296000
320,홍길자,2023-06-07,198000
321,김유신,2024-03-02,127000
322,김구,2023-01-17,395000
323,유관순,2023-05-30,18000
324,유관순,2023-03-21,268000
325,홍길동,2023-07-08,163000
326,홍길동,2023-12-31,397000
327,이유신,2023-11-07,62000
328,유관순,2023-04-15,191000
329,홍길동,2023-04-13,227000
330,홍길동,2024-02-11,266000
331,홍길자,2023-05-30,214000
332,홍길순,2023-12-04,118000
333,김유신,2024-04-24,136000
334,이순신,2024-04-21,181000
335,홍길동,2023-05-24,125000
336,홍길동,2023-08-13,342000
337,김구,2024-01-30,53000
338,이순신,2023-12-24,64000
339,이순신,2023-02-22,45000
340,강감순,2023-06-04,183000
341,이유신,2023-07-02,24000
342,이순신,2023-03-24,211000
343,이순신,2023-04-29,60000
344,유관순,2023-10-19,136000
345,김구,2024-02-03,122000
346,이순신,2024-03-12,109000
347,강감찬,2023-05-17,386000
348,강감찬,2024-03-24,305000
349,홍길동,2023-09-23,297000
350,김유신,2024-04-23,7000
351,유관순,2024-01-24,160000
352,강감순,2023-04-11,79000
353,김구,2024-02-10,175000
354,홍길자,2023-09-29,151000
355,홍길동,2023-07-14,369000
356,홍길순,2023-12-18,377000
357,강감찬,2023-09-13,309000
358,이유신,2023-09-01,103000
359,김구,2024-04-18,23000
360,이순신,2023-02-28,347000
361,이유신,2023-11-29,36000
362,이유신,2023-06-16,15000
363,김유신,2023-04-10,346000
364,강감찬,2023-09-24,107000
365,유관순,2023-09-26,102000
366,이유신,2023-07-16,352000
367,홍길동,2023-08-19,125000
368,이순신,2023-07-17,357000
369,홍길동,2023-03-19,167000
370,김유신,2023-04-10,129000
371,유관순,2023-04-21,348000
372,강감순,2024-04-04,266000
373,강감찬,2023-11-24,32000
374,홍길동,2023-08-05,37000
375,강감순,2024-01-09,215000
376,유관순,2024-04-24,84000
377,유관순,2023-07-30,72000
378,이순신,2023-03-01,6000
379,강감찬,2023-09-01,225000
380,이유신,2023-09-02,355000
381,홍길자,2023-04-16,361000
382,김유신,2023-11-13,17000
383,홍길순,2023-07-09,82000
384,강감찬,2024-03-27,70000
385,홍길자,2023-06-19,151000
386,홍길동,2023-04-15,75000
387,유관순,2023-04-26,95000
388,유관순,2023-02-18,234000
389,유관순,2023-08-15,20000
390,김구,2024-04-17,171000
391,홍길순,2024-01-06,319000
392,홍길순,2023-06-23,53000
393,김구,2023-11-04,302000
394,홍길자,2023-04-07,391000
395,강감찬,2023-04-27,356000
396,김유신,2023-05-23,265000
397,김유신,2023-10-06,5000
398,홍길동,2023-03-14,93000
399,홍길자,2023-08-02,191000
400,홍길동,2023-03-11,295000
401,유관순,2023-01-20,198000
402,강감순,2023-06-15,356000
403,김구,2023-12-29,351000
404,유관순,2023-03-20,54000
405,이유신,2023-10-03,60000
406,강감순,2023-02-02,163000
407,강감순,2023-10-27,11000
408,강감순,2024-04-18,348000
409,유관순,2023-10-09,10000
410,강감순,2023-08-11,152000
411,강감찬,2023-04-23,192000
412,강감찬,2023-12-28,364000
413,김구,2023-05-26,339000
414,홍길동,2023-07-21,173000
415,홍길자,2023-10-30,223000
416,김구,2023-10-26,151000
417,유관순,2024-04-27,79000
418,김유신,2023-12-13,161000
419,김구,2023-02-25,106000
420,강감순,2023-11-26,327000
421,이유신,2024-03-16,130000
422,홍길동,2023-12-15,398000
423,강감찬,2023-03-16,311000
424,유관순,2024-02-18,264000
425,유관순,2023-07-22,352000
426,홍길동,2023-04-13,260000
427,김구,2024-01-24,370000
428,김유신,2023-04-23,51000
429,홍길순,2023-08-15,392000
430,강감순,2024-03-17,314000
431,홍길순,2023-06-08,35000
432,이순신,2023-06-16,129000
433,이유신,2023-07-20,157000
434,김유신,2023-03-08,227000
435,이유신,2023-05-13,241000
436,강감순,2024-03-07,145000
437,홍길자,2023-09-19,32000
438,유관순,2023-03-11,241000
439,김유신,2023-11-02,334000
440,이유신,2023-05-04,126000
441,유관순,2023-08-02,97000
442,강감순,2023-12-11,230000
443,강감찬,2023-01-29,24000
444,홍길순,2023-07-03,214000
445,강감순,2023-02-23,349000
446,이유신,2024-03-11,100000
447,유관순,2023-03-28,377000
448,강감찬,2024-03-08,98000
449,이유신,2023-07-01,353000
450,김유신,2023-11-20,170000
451,홍길자,2023-10-26,241000
452,유관순,2024-03-02,119000
453,홍길동,2023-10-17,398000
454,홍길순,2023-05-03,332000
455,홍길동,2024-04-06,336000
456,강감찬,2023-03-13,17000
457,홍길동,2023-02-07,43000
458,홍길순,2023-02-22,293000
459,이유신,2023-10-03,46000
460,홍길자,2023-10-28,373000
461,김유신,2023-11-23,163000
462,강감찬,2023-10-08,397000
463,강감순,2023-10-02,258000
464,이유신,2024-01-07,289000
465,강감찬,2024-01-23,22000
466,홍길자,2024-04-15,125000
467,홍길순,2023-03-23,361000
468,이유신,2023-07-19,367000
469,유관순,2023-10-28,383000
470,이유신,2023-06-02,125000
471,강감찬,2023-04-03,365000
472,강감찬,2023-09-30,19000
473,홍길동,2024-02-14,356000
474,유관순,2023-07-14,164000
475,홍길순,2023-10-01,88000
476,김구,2023-04-25,9000
477,김구,2023-12-02,356000
478,김유신,2023-04-15,54000
479,홍길자,2024-01-28,226000
480,김유신,2024-03-11,111000
481,김구,2023-06-22,364000
482,강감찬,2024-04-07,95000
483,홍길순,2023-03-16,130000
484,김유신,2023-02-07,24000
485,김유신,2024-02-26,392000
486,홍길동,2024-01-27,82000
487,홍길순,2023-08-18,191000
488,이유신,2023-04-20,208000
489,홍길순,2023-05-02,167000
490,이순신,2023-06-26,179000
491,홍길자,2024-01-22,197000
492,이순신,2023-07-16,304000
493,유관순,2023-06-23,41000
494,홍길자,2023-04-18,191000
495,홍길동,2023-07-10,367000
496,유관순,2023-07-07,136000
497,홍길순,2023-07-18,101000
498,강감찬,2023-07-21,385000
499,홍길순,2023-03-08,143000
500,이유신,2023-10-23,381000
501,김유신,2023-09-06,190000
502,홍길자,2024-03-31,306000
503,이유신,2024-04-07,54000
504,홍길순,2023-01-11,313000
505,강감찬,2023-12-15,251000
506,강감순,2023-08-06,188000
507,이유신,2023-11-22,333000
508,홍길순,2023-06-15,105000
509,홍길동,2023-11-12,240000
510,홍길자,2023-10-06,65000
511,홍길순,2023-05-17,300000
512,유관순,2023-04-08,335000
513,이유신,2023-02-28,122000
514,홍길동,2023-04-24,366000
515,이순신,2023-07-08,368000
516,이유신,2023-12-20,229000
517,홍길동,2023-06-24,358000
518,홍길순,2023-05-16,360000
519,김유신,2024-01-21,377000
520,유관순,2023-08-10,244000
521,김유신,2024-02-16,60000
522,홍길순,2023-08-05,126000
523,홍길순,2023-02-28,3000
524,홍길순,2023-03-04,165000
525,강감찬,2024-04-15,132000
526,유관순,2024-01-19,84000
527,홍길동,2023-01-27,119000
528,홍길동,2023-03-01,6000
529,유관순,2023-12-02,240000
530,홍길동,2023-08-20,24000
531,강감순,2023-08-07,174000
532,홍길순,2023-04-10,144000
533,홍길동,2023-01-11,231000
534,김구,2024-03-20,312000
535,강감순,2023-11-15,157000
536,이유신,2024-03-24,128000
537,강감찬,2023-06-17,146000
538,이순신,2023-01-18,76000
539,강감순,2024-02-28,309000
540,강감순,2023-05-23,206000
541,홍길순,2023-11-10,361000
542,홍길순,2023-10-14,59000
543,이유신,2024-04-01,246000
544,강감순,2023-12-15,230000
545,홍길자,2024-02-11,156000
546,강감순,2023-07-18,159000
547,홍길동,2023-07-04,357000
548,홍길순,2024-01-25,151000
549,김구,2023-07-29,148000
550,홍길순,2023-02-13,371000
551,김유신,2023-03-04,181000
552,유관순,2023-08-18,261000
553,홍길자,2023-11-04,65000
554,강감순,2023-01-17,94000
555,김구,2024-04-28,330000
556,강감순,2023-11-19,337000
557,김유신,2024-04-02,219000
558,이순신,2023-04-22,318000
559,홍길순,2023-12-01,262000
560,김유신,2023-10-23,267000
561,강감찬,2023-02-28,321000
562,김구,2024-04-19,168000
563,강감순,2023-10-20,374000
564,홍길순,2023-04-18,114000
565,김유신,2023-03-30,164000
566,홍길동,2023-10-31,289000
567,이순신,2023-12-31,71000
568,이유신,2023-12-02,13000
569,김유신,2023-10-02,275000
570,홍길자,2023-04-13,215000
571,이유신,2023-06-28,10000
572,이유신,2023-06-07,13000
573,김유신,2023-03-07,163000
574,강감순,2024-04-06,389000
575,강감찬,2023-06-27,329000
576,홍길동,2023-08-12,366000
577,유관순,2023-08-02,395000
578,홍길동,2024-01-17,106000
579,강감찬,2023-12-22,39000
580,홍길자,2024-04-20,143000
581,유관순,2023-04-24,137000
582,강감순,2023-08-28,76000
583,이유신,2023-08-14,85000
584,홍길동,2023-12-16,98000
585,김유신,2023-01-11,110000
586,홍길자,2023-06-24,392000
587,홍길자,2024-03-14,181000
588,강감찬,2023-02-10,55000
589,홍길동,2023-01-05,276000
590,강감순,2023-01-09,301000
591,홍길순,2024-04-03,52000
592,김구,2024-02-23,368000
593,홍길순,2023-06-20,321000
594,홍길동,2023-04-26,43000
595,강감순,2024-03-01,333000
596,김유신,2024-04-26,92000
597,홍길동,2023-12-07,91000
598,강감순,2023-09-22,205000
599,홍길순,2023-01-04,389000
600,홍길순,2023-10-29,346000
601,홍길동,2023-03-11,399000
602,홍길순,2023-01-20,266000
603,홍길동,2023-02-12,332000
604,홍길동,2023-01-27,394000
605,홍길순,2023-08-15,387000
606,이유신,2023-08-25,217000
607,이유신,2023-09-04,387000
608,홍길동,2024-01-02,33000
609,강감찬,2023-09-03,213000
610,홍길동,2023-07-07,89000
611,김유신,2023-05-12,140000
612,이유신,2024-04-25,172000
613,이순신,2023-08-28,17000
614,김구,2023-12-02,283000
615,유관순,2023-08-21,19000
616,홍길순,2023-07-23,127000
617,유관순,2023-07-07,225000
618,유관순,2023-04-08,77000
619,홍길동,2024-02-24,296000
620,홍길동,2024-02-12,189000
621,홍길순,2023-12-05,359000
622,홍길자,2024-04-08,248000
623,홍길동,2023-09-13,361000
624,홍길순,2023-09-13,385000
625,강감순,2023-11-15,166000
626,홍길동,2023-10-13,49000
627,김유신,2024-03-16,177000
628,홍길순,2023-03-31,236000
629,김구,2023-06-08,182000
630,홍길동,2023-09-21,334000
631,김유신,2024-03-12,359000
632,유관순,2023-08-31,30000
633,이유신,2024-03-10,22000
634,강감순,2023-11-26,119000
635,유관순,2023-05-31,183000
636,유관순,2023-08-06,247000
637,강감찬,2024-04-07,265000
638,이유신,2023-05-28,171000
639,강감찬,2023-08-09,220000
640,김구,2023-06-17,225000
641,홍길자,2023-02-26,148000
642,홍길순,2023-01-16,9000
643,이순신,2024-02-04,328000
644,홍길자,2024-01-09,355000
645,강감순,2023-08-23,18000
646,이순신,2023-02-01,334000
647,홍길자,2023-09-08,125000
648,김유신,2023-04-25,326000
649,홍길순,2024-04-16,362000
650,홍길자,2023-12-16,190000
651,이유신,2023-09-21,94000
652,김구,2024-02-01,251000
653,이유신,2023-03-18,279000
654,강감찬,2023-04-26,302000
655,김유신,2023-03-14,270000
656,유관순,2023-03-13,400000
657,강감찬,2023-07-25,152000
658,홍길동,2023-03-20,233000
659,강감찬,2023-04-08,130000
660,홍길동,2023-07-03,95000
661,홍길동,2023-10-21,400000
662,이순신,2023-01-12,7000
663,홍길자,2023-02-23,270000
664,홍길자,2023-11-16,396000
665,강감찬,2023-03-28,201000
666,유관순,2024-03-19,144000
667,김구,2023-03-22,2000
668,강감순,2023-09-04,295000
669,이유신,2023-01-01,8000
670,강감순,2023-09-06,153000
671,홍길자,2023-09-03,286000
672,강감순,2023-05-25,32000
673,이순신,2023-01-18,47000
674,유관순,2024-01-23,17000
675,홍길자,2023-06-10,125000
676,유관순,2023-01-21,206000
677,유관순,2023-10-28,31000
678,유관순,2024-01-06,277000
679,홍길자,2023-03-28,160000
680,홍길순,2023-03-10,315000
681,이순신,2024-01-05,318000
682,홍길순,2023-10-23,334000
683,이유신,2023-04-25,78000
684,홍길동,2024-01-09,266000
685,홍길동,2024-02-03,255000
686,김유신,2023-03-20,381000
687,홍길순,2023-09-08,399000
688,이유신,2024-03-10,131000
689,강감찬,2023-04-26,146000
690,강감순,2023-05-26,24000
691,강감찬,2023-01-12,324000
692,홍길동,2023-10-24,6000
693,홍길순,2023-01-12,54000
694,유관순,2023-12-02,37000
695,김유신,2023-09-22,195000
696,홍길자,2023-06-06,88000
697,홍길순,2023-08-02,354000
698,김유신,2023-01-28,321000
699,유관순,2023-04-16,387000
700,홍길동,2024-04-06,184000
701,강감순,2023-04-30,89000
702,유관순,2023-11-05,145000
703,홍길자,2023-09-02,14000
704,강감찬,2023-06-26,277000
705,이순신,2023-01-10,91000
706,이유신,2024-03-29,225000
707,강감찬,2024-01-22,148000
708,김구,2023-01-31,6000
709,유관순,2024-04-20,32000
710,유관순,2023-12-02,349000
711,이유신,2024-02-16,36000
712,강감찬,2023-11-23,39000
713,김구,2023-11-24,37000
714,강감순,2023-12-29,382000
715,홍길자,2023-03-20,79000
716,이순신,2023-06-04,97000
717,홍길동,2023-04-14,145000
718,홍길동,2023-12-19,334000
719,홍길동,2023-11-30,156000
720,유관순,2024-03-09,315000
721,강감찬,2024-04-04,117000
722,홍길순,2023-10-18,299000
723,홍길자,2023-03-26,115000
724,유관순,2024-04-20,161000
725,홍길순,2023-08-03,101000
726,유관순,2024-02-17,348000
727,이순신,2024-04-29,280000
728,유관순,2023-06-10,328000
729,강감찬,2024-04-08,17000
730,이순신,2023-03-12,318000
731,유관순,2023-11-16,358000
732,김유신,2023-04-07,331000
733,강감찬,2023-01-10,170000
734,김구,2023-04-23,220000
735,김유신,2024-02-15,293000
736,강감찬,2023-11-02,175000
737,김유신,2023-05-23,222000
738,유관순,2023-11-18,140000
739,강감순,2023-03-06,248000
740,홍길자,2023-05-08,173000
741,이순신,2023-06-15,159000
742,이순신,2023-01-02,384000
743,유관순,2023-11-12,42000
744,김구,2023-01-19,337000
745,홍길순,2024-02-27,337000
746,홍길동,2023-11-15,38000
747,이유신,2023-07-09,360000
748,김구,2024-03-20,246000
749,이순신,2023-04-21,17000
750,이유신,2023-05-03,129000
751,김구,2024-01-19,189000
752,김구,2024-03-10,160000
753,이유신,2023-10-22,260000
754,김유신,2023-03-13,359000
755,강감순,2023-04-19,164000
756,이유신,2023-09-16,83000
757,김유신,2023-12-22,60000
758,홍길동,2023-04-05,103000
759,홍길자,2023-04-23,364000
760,이순신,2024-04-08,62000
761,이순신,2023-05-24,43000
762,유관순,2023-12-08,127000
763,유관순,2023-05-31,313000
764,홍길동,2023-03-17,289000
765,홍길자,2024-01-06,294000
766,이유신,2024-03-04,101000
767,홍길순,2024-03-27,40000
768,강감순,2023-09-14,353000
769,유관순,2024-04-27,41000
770,홍길자,2023-07-19,70000
771,강감찬,2024-04-21,48000
772,이유신,2024-02-11,119000
773,유관순,2024-02-03,312000
774,유관순,2023-08-24,169000
775,김구,2023-08-23,92000
776,김유신,2024-01-24,189000
777,김구,2023-10-07,105000
778,이순신,2024-03-04,306000
779,김구,2023-01-19,120000
780,홍길동,2023-04-28,90000
781,홍길자,2023-06-15,93000
782,김구,2023-10-14,4000
783,김유신,2023-11-08,363000
784,유관순,2023-04-25,130000
785,홍길동,2023-09-20,138000
786,김구,2024-02-21,136000
787,김유신,2024-04-24,239000
788,강감찬,2024-03-01,172000
789,김유신,2023-03-29,331000
790,홍길순,2023-06-10,133000
791,홍길동,2023-07-18,141000
792,홍길동,2023-08-23,50000
793,강감찬,2023-02-10,169000
794,홍길자,2023-09-21,256000
795,김구,2024-01-09,106000
796,이유신,2024-01-08,21000
797,이유신,2023-09-16,273000
798,강감순,2023-05-25,281000
799,강감찬,2024-04-08,143000
800,김유신,2024-03-22,379000
801,이순신,2023-01-17,4000
802,홍길동,2023-01-23,202000
803,김유신,2023-02-10,374000
804,이유신,2023-06-14,340000
805,홍길자,2023-12-30,167000
806,김유신,2023-03-09,113000
807,유관순,2023-06-04,327000
808,강감찬,2023-04-12,305000
809,홍길순,2024-04-11,224000
810,유관순,2023-11-15,310000
811,김구,2023-02-10,158000
812,이순신,2023-04-20,149000
813,김유신,2024-03-01,90000
814,홍길자,2023-03-15,379000
815,이유신,2023-02-26,240000
816,강감찬,2023-06-23,373000
817,강감순,2023-03-07,167000
818,김유신,2023-03-07,11000
819,홍길자,2023-04-17,21000
820,김구,2023-12-23,89000
821,김유신,2023-12-10,46000
822,홍길자,2023-07-01,330000
823,홍길자,2024-02-18,348000
824,홍길자,2023-10-12,80000
825,강감순,2024-04-27,91000
826,강감찬,2024-02-02,241000
827,홍길순,2023-03-23,251000
828,홍길동,2023-12-31,359000
829,강감찬,2023-07-06,338000
830,홍길동,2024-02-27,162000
831,김구,2023-10-25,283000
832,강감순,2023-10-01,101000
833,홍길순,2023-05-22,264000
834,강감순,2023-02-14,168000
835,이유신,2023-02-17,293000
836,홍길자,2023-08-27,134000
837,이순신,2023-12-18,133000
838,이유신,2023-05-13,386000
839,강감찬,2023-05-19,358000
840,김구,2023-08-26,363000
841,김유신,2023-02-24,369000
842,강감찬,2023-12-20,124000
843,김구,2023-09-24,372000
844,이순신,2024-03-13,215000
845,김구,2023-06-25,304000
846,김유신,2023-11-03,50000
847,홍길순,2024-04-19,250000
848,이유신,2023-04-04,154000
849,김구,2023-02-21,102000
850,김구,2024-02-01,333000
851,홍길동,2023-01-17,278000
852,김유신,2023-10-12,214000
853,김구,2023-06-29,52000
854,강감찬,2023-04-19,115000
855,홍길동,2024-03-10,278000
856,이유신,2023-01-18,128000
857,홍길동,2023-12-26,203000
858,김구,2023-04-29,65000
859,유관순,2023-01-02,48000
860,홍길자,2023-02-04,204000
861,홍길순,2023-03-03,104000
862,홍길순,2023-11-05,181000
863,이유신,2023-11-10,63000
864,유관순,2023-05-08,187000
865,강감순,2023-06-27,199000
866,이순신,2023-12-24,197000
867,홍길자,2023-12-14,36000
868,홍길동,2023-05-04,138000
869,강감찬,2023-03-11,42000
870,김유신,2024-04-11,120000
871,김구,2023-05-10,317000
872,홍길동,2023-01-06,168000
873,홍길순,2023-02-12,78000
874,이순신,2023-03-30,145000
875,강감찬,2024-03-02,128000
876,홍길동,2024-01-08,128000
877,유관순,2024-03-16,149000
878,이순신,2023-05-28,313000
879,유관순,2024-03-29,338000
880,강감찬,2023-08-01,42000
881,강감순,2023-07-10,142000
882,김유신,2023-12-31,2000
883,김유신,2023-05-02,104000
884,이순신,2023-09-24,233000
885,강감순,2024-04-06,159000
886,홍길순,2024-02-12,309000
887,홍길순,2023-11-11,85000
888,김구,2024-03-09,187000
889,홍길순,2024-02-14,85000
890,유관순,2024-01-04,94000
891,김유신,2023-08-11,61000
892,유관순,2023-08-22,168000
893,홍길순,2023-06-12,295000
894,강감찬,2023-11-19,102000
895,이순신,2023-10-21,132000
896,홍길순,2023-10-24,336000
897,김유신,2023-04-20,148000
898,김유신,2023-11-08,182000
899,홍길순,2023-03-27,96000
900,홍길동,2023-01-13,318000
901,이순신,2023-02-12,341000
902,홍길동,2024-03-28,38000
903,유관순,2023-12-26,141000
904,강감순,2023-08-02,390000
905,홍길동,2023-11-13,397000
906,김유신,2024-03-28,92000
907,홍길순,2023-06-07,79000
908,홍길자,2023-08-05,247000
909,김유신,2023-08-18,79000
910,김구,2023-01-07,367000
911,이유신,2023-09-01,388000
912,홍길동,2023-08-23,396000
913,김유신,2023-09-07,160000
914,홍길순,2023-03-20,262000
915,이유신,2023-09-10,13000
916,유관순,2023-07-02,219000
917,김구,2023-08-27,281000
918,강감순,2023-03-27,147000
919,김구,2023-11-12,91000
920,이순신,2023-06-20,196000
921,김유신,2023-03-17,122000
922,홍길자,2023-11-02,161000
923,김구,2023-07-28,38000
924,강감찬,2023-07-08,11000
925,이유신,2024-02-04,186000
926,홍길순,2023-07-28,98000
927,이순신,2023-08-04,116000
928,유관순,2023-07-17,146000
929,이유신,2023-10-30,175000
930,홍길동,2023-01-29,252000
931,홍길순,2024-01-11,300000
932,홍길자,2023-06-25,172000
933,김구,2023-01-08,124000
934,홍길순,2023-10-14,351000
935,이순신,2023-09-06,358000
936,이유신,2023-02-07,61000
937,이순신,2023-01-16,151000
938,홍길자,2024-03-23,49000
939,유관순,2023-08-07,177000
940,이유신,2023-08-05,71000
941,이순신,2023-04-03,235000
942,강감순,2023-11-01,65000
943,강감찬,2023-06-05,313000
944,홍길자,2023-04-14,350000
945,유관순,2023-11-13,174000
946,홍길자,2023-11-30,369000
947,유관순,2023-09-25,308000
948,강감순,2024-04-05,222000
949,홍길동,2024-03-20,200000
950,강감순,2023-07-01,141000
951,홍길순,2023-10-28,271000
952,김구,2023-03-04,40000
953,유관순,2023-04-18,393000
954,김구,2023-01-02,246000
955,김구,2023-11-02,222000
956,유관순,2024-01-19,82000
957,김유신,2023-07-22,11000
958,유관순,2024-01-12,147000
959,이순신,2023-08-18,327000
960,김구,2023-09-22,97000
961,홍길동,2023-03-17,263000
962,홍길순,2024-03-08,127000
963,홍길동,2023-12-08,356000
964,김구,2024-03-04,140000
965,이유신,2023-08-01,335000
966,김유신,2024-03-14,101000
967,홍길동,2023-07-25,35000
968,유관순,2023-06-06,362000
969,강감순,2023-03-29,66000
970,홍길동,2023-07-18,123000
971,홍길동,2023-01-11,157000
972,홍길자,2023-10-14,146000
973,홍길동,2023-08-13,187000
974,김유신,2023-05-16,70000
975,김유신,2024-03-10,327000
976,홍길순,2023-12-05,233000
977,김구,2023-02-23,66000
978,김구,2023-04-22,181000
979,홍길순,2023-08-20,195000
980,홍길동,2023-01-18,300000
981,홍길동,2023-07-23,26000
982,유관순,2023-05-23,95000
983,홍길동,2024-02-15,276000
984,이순신,2024-04-21,64000
985,홍길동,2023-04-06,219000
986,홍길자,2023-03-31,105000
987,이순신,2023-03-23,257000
988,강감순,2023-02-18,251000
989,강감순,2024-03-19,376000
990,김유신,2023-06-21,54000
991,홍길동,2023-04-13,251000
992,이순신,2023-03-04,389000
993,김구,2024-04-02,64000
994,홍길자,2023-05-25,117000
995,이유신,2023-08-22,51000
996,유관순,2024-03-17,35000
997,홍길순,2023-05-02,205000
998,홍길동,2024-02-23,59000
999,홍길자,2023-11-01,236000
1000,이순신,2023-02-20,192000
